1	Cliente S.A.S #00001	Industrial
2	Cliente S.A.S #00002	Taller
3	Cliente S.A.S #00003	Flotas
4	Cliente S.A.S #00004	Retail
5	Cliente S.A.S #00005	Retail
6	Cliente S.A.S #00006	Industrial
7	Cliente S.A.S #00007	Flotas
8	Cliente S.A.S #00008	Taller
9	Cliente S.A.S #00009	Taller
10	Cliente S.A.S #00010	Industrial
11	Cliente S.A.S #00011	Taller
12	Cliente S.A.S #00012	Mayorista
13	Cliente S.A.S #00013	Industrial
14	Cliente S.A.S #00014	Taller
15	Cliente S.A.S #00015	Mayorista
16	Cliente S.A.S #00016	Mayorista
17	Cliente S.A.S #00017	Retail
18	Cliente S.A.S #00018	Mayorista
19	Cliente S.A.S #00019	Mayorista
20	Cliente S.A.S #00020	Flotas
21	Cliente S.A.S #00021	Taller
22	Cliente S.A.S #00022	Flotas
23	Cliente S.A.S #00023	Retail
24	Cliente S.A.S #00024	Mayorista
25	Cliente S.A.S #00025	Industrial
26	Cliente S.A.S #00026	Retail
27	Cliente S.A.S #00027	Flotas
28	Cliente S.A.S #00028	Industrial
29	Cliente S.A.S #00029	Mayorista
30	Cliente S.A.S #00030	Mayorista
31	Cliente S.A.S #00031	Taller
32	Cliente S.A.S #00032	Taller
33	Cliente S.A.S #00033	Mayorista
34	Cliente S.A.S #00034	Flotas
35	Cliente S.A.S #00035	Taller
36	Cliente S.A.S #00036	Retail
37	Cliente S.A.S #00037	Flotas
38	Cliente S.A.S #00038	Mayorista
39	Cliente S.A.S #00039	Industrial
40	Cliente S.A.S #00040	Mayorista
41	Cliente S.A.S #00041	Mayorista
42	Cliente S.A.S #00042	Industrial
43	Cliente S.A.S #00043	Flotas
44	Cliente S.A.S #00044	Mayorista
45	Cliente S.A.S #00045	Mayorista
46	Cliente S.A.S #00046	Retail
47	Cliente S.A.S #00047	Flotas
48	Cliente S.A.S #00048	Taller
49	Cliente S.A.S #00049	Taller
50	Cliente S.A.S #00050	Industrial
51	Cliente S.A.S #00051	Mayorista
52	Cliente S.A.S #00052	Industrial
53	Cliente S.A.S #00053	Industrial
54	Cliente S.A.S #00054	Flotas
55	Cliente S.A.S #00055	Retail
56	Cliente S.A.S #00056	Flotas
57	Cliente S.A.S #00057	Taller
58	Cliente S.A.S #00058	Mayorista
59	Cliente S.A.S #00059	Mayorista
60	Cliente S.A.S #00060	Industrial
61	Cliente S.A.S #00061	Taller
62	Cliente S.A.S #00062	Retail
63	Cliente S.A.S #00063	Retail
64	Cliente S.A.S #00064	Retail
65	Cliente S.A.S #00065	Taller
66	Cliente S.A.S #00066	Taller
67	Cliente S.A.S #00067	Industrial
68	Cliente S.A.S #00068	Retail
69	Cliente S.A.S #00069	Flotas
70	Cliente S.A.S #00070	Industrial
71	Cliente S.A.S #00071	Mayorista
72	Cliente S.A.S #00072	Industrial
73	Cliente S.A.S #00073	Mayorista
74	Cliente S.A.S #00074	Retail
75	Cliente S.A.S #00075	Taller
76	Cliente S.A.S #00076	Industrial
77	Cliente S.A.S #00077	Industrial
78	Cliente S.A.S #00078	Taller
79	Cliente S.A.S #00079	Retail
80	Cliente S.A.S #00080	Mayorista
81	Cliente S.A.S #00081	Taller
82	Cliente S.A.S #00082	Industrial
83	Cliente S.A.S #00083	Mayorista
84	Cliente S.A.S #00084	Mayorista
85	Cliente S.A.S #00085	Taller
86	Cliente S.A.S #00086	Industrial
87	Cliente S.A.S #00087	Retail
88	Cliente S.A.S #00088	Industrial
89	Cliente S.A.S #00089	Flotas
90	Cliente S.A.S #00090	Flotas
91	Cliente S.A.S #00091	Flotas
92	Cliente S.A.S #00092	Industrial
93	Cliente S.A.S #00093	Retail
94	Cliente S.A.S #00094	Mayorista
95	Cliente S.A.S #00095	Retail
96	Cliente S.A.S #00096	Retail
97	Cliente S.A.S #00097	Flotas
98	Cliente S.A.S #00098	Industrial
99	Cliente S.A.S #00099	Flotas
100	Cliente S.A.S #00100	Taller
101	Cliente S.A.S #00101	Taller
102	Cliente S.A.S #00102	Mayorista
103	Cliente S.A.S #00103	Mayorista
104	Cliente S.A.S #00104	Mayorista
105	Cliente S.A.S #00105	Retail
106	Cliente S.A.S #00106	Flotas
107	Cliente S.A.S #00107	Industrial
108	Cliente S.A.S #00108	Retail
109	Cliente S.A.S #00109	Retail
110	Cliente S.A.S #00110	Taller
111	Cliente S.A.S #00111	Mayorista
112	Cliente S.A.S #00112	Industrial
113	Cliente S.A.S #00113	Taller
114	Cliente S.A.S #00114	Taller
115	Cliente S.A.S #00115	Industrial
116	Cliente S.A.S #00116	Mayorista
117	Cliente S.A.S #00117	Flotas
118	Cliente S.A.S #00118	Mayorista
119	Cliente S.A.S #00119	Mayorista
120	Cliente S.A.S #00120	Industrial
121	Cliente S.A.S #00121	Taller
122	Cliente S.A.S #00122	Industrial
123	Cliente S.A.S #00123	Taller
124	Cliente S.A.S #00124	Industrial
125	Cliente S.A.S #00125	Flotas
126	Cliente S.A.S #00126	Retail
127	Cliente S.A.S #00127	Retail
128	Cliente S.A.S #00128	Taller
129	Cliente S.A.S #00129	Mayorista
130	Cliente S.A.S #00130	Retail
131	Cliente S.A.S #00131	Flotas
132	Cliente S.A.S #00132	Industrial
133	Cliente S.A.S #00133	Taller
134	Cliente S.A.S #00134	Mayorista
135	Cliente S.A.S #00135	Mayorista
136	Cliente S.A.S #00136	Industrial
137	Cliente S.A.S #00137	Taller
138	Cliente S.A.S #00138	Mayorista
139	Cliente S.A.S #00139	Industrial
140	Cliente S.A.S #00140	Industrial
141	Cliente S.A.S #00141	Retail
142	Cliente S.A.S #00142	Flotas
143	Cliente S.A.S #00143	Mayorista
144	Cliente S.A.S #00144	Mayorista
145	Cliente S.A.S #00145	Taller
146	Cliente S.A.S #00146	Industrial
147	Cliente S.A.S #00147	Mayorista
148	Cliente S.A.S #00148	Mayorista
149	Cliente S.A.S #00149	Mayorista
150	Cliente S.A.S #00150	Flotas
151	Cliente S.A.S #00151	Retail
152	Cliente S.A.S #00152	Flotas
153	Cliente S.A.S #00153	Taller
154	Cliente S.A.S #00154	Mayorista
155	Cliente S.A.S #00155	Taller
156	Cliente S.A.S #00156	Industrial
157	Cliente S.A.S #00157	Retail
158	Cliente S.A.S #00158	Taller
159	Cliente S.A.S #00159	Industrial
160	Cliente S.A.S #00160	Flotas
161	Cliente S.A.S #00161	Industrial
162	Cliente S.A.S #00162	Retail
163	Cliente S.A.S #00163	Taller
164	Cliente S.A.S #00164	Flotas
165	Cliente S.A.S #00165	Taller
166	Cliente S.A.S #00166	Taller
167	Cliente S.A.S #00167	Flotas
168	Cliente S.A.S #00168	Mayorista
169	Cliente S.A.S #00169	Taller
170	Cliente S.A.S #00170	Taller
171	Cliente S.A.S #00171	Industrial
172	Cliente S.A.S #00172	Mayorista
173	Cliente S.A.S #00173	Mayorista
174	Cliente S.A.S #00174	Retail
175	Cliente S.A.S #00175	Taller
176	Cliente S.A.S #00176	Industrial
177	Cliente S.A.S #00177	Flotas
178	Cliente S.A.S #00178	Retail
179	Cliente S.A.S #00179	Mayorista
180	Cliente S.A.S #00180	Mayorista
181	Cliente S.A.S #00181	Mayorista
182	Cliente S.A.S #00182	Industrial
183	Cliente S.A.S #00183	Taller
184	Cliente S.A.S #00184	Retail
185	Cliente S.A.S #00185	Flotas
186	Cliente S.A.S #00186	Retail
187	Cliente S.A.S #00187	Industrial
188	Cliente S.A.S #00188	Taller
189	Cliente S.A.S #00189	Taller
190	Cliente S.A.S #00190	Taller
191	Cliente S.A.S #00191	Taller
192	Cliente S.A.S #00192	Taller
193	Cliente S.A.S #00193	Flotas
194	Cliente S.A.S #00194	Mayorista
195	Cliente S.A.S #00195	Flotas
196	Cliente S.A.S #00196	Retail
197	Cliente S.A.S #00197	Taller
198	Cliente S.A.S #00198	Flotas
199	Cliente S.A.S #00199	Taller
200	Cliente S.A.S #00200	Flotas
201	Cliente S.A.S #00201	Flotas
202	Cliente S.A.S #00202	Retail
203	Cliente S.A.S #00203	Flotas
204	Cliente S.A.S #00204	Mayorista
205	Cliente S.A.S #00205	Retail
206	Cliente S.A.S #00206	Mayorista
207	Cliente S.A.S #00207	Retail
208	Cliente S.A.S #00208	Retail
209	Cliente S.A.S #00209	Flotas
210	Cliente S.A.S #00210	Taller
211	Cliente S.A.S #00211	Mayorista
212	Cliente S.A.S #00212	Taller
213	Cliente S.A.S #00213	Retail
214	Cliente S.A.S #00214	Flotas
215	Cliente S.A.S #00215	Industrial
216	Cliente S.A.S #00216	Taller
217	Cliente S.A.S #00217	Flotas
218	Cliente S.A.S #00218	Flotas
219	Cliente S.A.S #00219	Mayorista
220	Cliente S.A.S #00220	Mayorista
221	Cliente S.A.S #00221	Industrial
222	Cliente S.A.S #00222	Taller
223	Cliente S.A.S #00223	Taller
224	Cliente S.A.S #00224	Taller
225	Cliente S.A.S #00225	Industrial
226	Cliente S.A.S #00226	Taller
227	Cliente S.A.S #00227	Industrial
228	Cliente S.A.S #00228	Retail
229	Cliente S.A.S #00229	Retail
230	Cliente S.A.S #00230	Taller
231	Cliente S.A.S #00231	Industrial
232	Cliente S.A.S #00232	Taller
233	Cliente S.A.S #00233	Taller
234	Cliente S.A.S #00234	Flotas
235	Cliente S.A.S #00235	Retail
236	Cliente S.A.S #00236	Mayorista
237	Cliente S.A.S #00237	Industrial
238	Cliente S.A.S #00238	Mayorista
239	Cliente S.A.S #00239	Mayorista
240	Cliente S.A.S #00240	Industrial
241	Cliente S.A.S #00241	Retail
242	Cliente S.A.S #00242	Mayorista
243	Cliente S.A.S #00243	Flotas
244	Cliente S.A.S #00244	Taller
245	Cliente S.A.S #00245	Retail
246	Cliente S.A.S #00246	Taller
247	Cliente S.A.S #00247	Retail
248	Cliente S.A.S #00248	Mayorista
249	Cliente S.A.S #00249	Taller
250	Cliente S.A.S #00250	Industrial
251	Cliente S.A.S #00251	Mayorista
252	Cliente S.A.S #00252	Taller
253	Cliente S.A.S #00253	Retail
254	Cliente S.A.S #00254	Flotas
255	Cliente S.A.S #00255	Industrial
256	Cliente S.A.S #00256	Mayorista
257	Cliente S.A.S #00257	Taller
258	Cliente S.A.S #00258	Flotas
259	Cliente S.A.S #00259	Mayorista
260	Cliente S.A.S #00260	Industrial
261	Cliente S.A.S #00261	Mayorista
262	Cliente S.A.S #00262	Mayorista
263	Cliente S.A.S #00263	Industrial
264	Cliente S.A.S #00264	Taller
265	Cliente S.A.S #00265	Industrial
266	Cliente S.A.S #00266	Flotas
267	Cliente S.A.S #00267	Industrial
268	Cliente S.A.S #00268	Taller
269	Cliente S.A.S #00269	Flotas
270	Cliente S.A.S #00270	Industrial
271	Cliente S.A.S #00271	Industrial
272	Cliente S.A.S #00272	Mayorista
273	Cliente S.A.S #00273	Mayorista
274	Cliente S.A.S #00274	Retail
275	Cliente S.A.S #00275	Flotas
276	Cliente S.A.S #00276	Taller
277	Cliente S.A.S #00277	Retail
278	Cliente S.A.S #00278	Industrial
279	Cliente S.A.S #00279	Flotas
280	Cliente S.A.S #00280	Mayorista
281	Cliente S.A.S #00281	Industrial
282	Cliente S.A.S #00282	Flotas
283	Cliente S.A.S #00283	Taller
284	Cliente S.A.S #00284	Flotas
285	Cliente S.A.S #00285	Mayorista
286	Cliente S.A.S #00286	Mayorista
287	Cliente S.A.S #00287	Retail
288	Cliente S.A.S #00288	Retail
289	Cliente S.A.S #00289	Taller
290	Cliente S.A.S #00290	Taller
291	Cliente S.A.S #00291	Retail
292	Cliente S.A.S #00292	Mayorista
293	Cliente S.A.S #00293	Retail
294	Cliente S.A.S #00294	Mayorista
295	Cliente S.A.S #00295	Flotas
296	Cliente S.A.S #00296	Industrial
297	Cliente S.A.S #00297	Flotas
298	Cliente S.A.S #00298	Retail
299	Cliente S.A.S #00299	Flotas
300	Cliente S.A.S #00300	Flotas
301	Cliente S.A.S #00301	Taller
302	Cliente S.A.S #00302	Flotas
303	Cliente S.A.S #00303	Industrial
304	Cliente S.A.S #00304	Retail
305	Cliente S.A.S #00305	Mayorista
306	Cliente S.A.S #00306	Flotas
307	Cliente S.A.S #00307	Industrial
308	Cliente S.A.S #00308	Mayorista
309	Cliente S.A.S #00309	Taller
310	Cliente S.A.S #00310	Retail
311	Cliente S.A.S #00311	Industrial
312	Cliente S.A.S #00312	Mayorista
313	Cliente S.A.S #00313	Retail
314	Cliente S.A.S #00314	Industrial
315	Cliente S.A.S #00315	Flotas
316	Cliente S.A.S #00316	Mayorista
317	Cliente S.A.S #00317	Industrial
318	Cliente S.A.S #00318	Industrial
319	Cliente S.A.S #00319	Retail
320	Cliente S.A.S #00320	Retail
321	Cliente S.A.S #00321	Taller
322	Cliente S.A.S #00322	Flotas
323	Cliente S.A.S #00323	Taller
324	Cliente S.A.S #00324	Taller
325	Cliente S.A.S #00325	Taller
326	Cliente S.A.S #00326	Industrial
327	Cliente S.A.S #00327	Retail
328	Cliente S.A.S #00328	Taller
329	Cliente S.A.S #00329	Mayorista
330	Cliente S.A.S #00330	Industrial
331	Cliente S.A.S #00331	Industrial
332	Cliente S.A.S #00332	Taller
333	Cliente S.A.S #00333	Industrial
334	Cliente S.A.S #00334	Taller
335	Cliente S.A.S #00335	Flotas
336	Cliente S.A.S #00336	Mayorista
337	Cliente S.A.S #00337	Mayorista
338	Cliente S.A.S #00338	Retail
339	Cliente S.A.S #00339	Taller
340	Cliente S.A.S #00340	Retail
341	Cliente S.A.S #00341	Flotas
342	Cliente S.A.S #00342	Taller
343	Cliente S.A.S #00343	Mayorista
344	Cliente S.A.S #00344	Retail
345	Cliente S.A.S #00345	Industrial
346	Cliente S.A.S #00346	Taller
347	Cliente S.A.S #00347	Flotas
348	Cliente S.A.S #00348	Retail
349	Cliente S.A.S #00349	Taller
350	Cliente S.A.S #00350	Retail
351	Cliente S.A.S #00351	Mayorista
352	Cliente S.A.S #00352	Mayorista
353	Cliente S.A.S #00353	Retail
354	Cliente S.A.S #00354	Mayorista
355	Cliente S.A.S #00355	Industrial
356	Cliente S.A.S #00356	Retail
357	Cliente S.A.S #00357	Mayorista
358	Cliente S.A.S #00358	Taller
359	Cliente S.A.S #00359	Retail
360	Cliente S.A.S #00360	Taller
361	Cliente S.A.S #00361	Industrial
362	Cliente S.A.S #00362	Mayorista
363	Cliente S.A.S #00363	Industrial
364	Cliente S.A.S #00364	Taller
365	Cliente S.A.S #00365	Retail
366	Cliente S.A.S #00366	Flotas
367	Cliente S.A.S #00367	Taller
368	Cliente S.A.S #00368	Flotas
369	Cliente S.A.S #00369	Mayorista
370	Cliente S.A.S #00370	Mayorista
371	Cliente S.A.S #00371	Taller
372	Cliente S.A.S #00372	Industrial
373	Cliente S.A.S #00373	Retail
374	Cliente S.A.S #00374	Flotas
375	Cliente S.A.S #00375	Retail
376	Cliente S.A.S #00376	Flotas
377	Cliente S.A.S #00377	Flotas
378	Cliente S.A.S #00378	Industrial
379	Cliente S.A.S #00379	Flotas
380	Cliente S.A.S #00380	Taller
381	Cliente S.A.S #00381	Industrial
382	Cliente S.A.S #00382	Retail
383	Cliente S.A.S #00383	Flotas
384	Cliente S.A.S #00384	Taller
385	Cliente S.A.S #00385	Flotas
386	Cliente S.A.S #00386	Industrial
387	Cliente S.A.S #00387	Industrial
388	Cliente S.A.S #00388	Taller
389	Cliente S.A.S #00389	Flotas
390	Cliente S.A.S #00390	Mayorista
391	Cliente S.A.S #00391	Flotas
392	Cliente S.A.S #00392	Mayorista
393	Cliente S.A.S #00393	Taller
394	Cliente S.A.S #00394	Flotas
395	Cliente S.A.S #00395	Retail
396	Cliente S.A.S #00396	Flotas
397	Cliente S.A.S #00397	Mayorista
398	Cliente S.A.S #00398	Taller
399	Cliente S.A.S #00399	Taller
400	Cliente S.A.S #00400	Mayorista
401	Cliente S.A.S #00401	Mayorista
402	Cliente S.A.S #00402	Taller
403	Cliente S.A.S #00403	Flotas
404	Cliente S.A.S #00404	Mayorista
405	Cliente S.A.S #00405	Mayorista
406	Cliente S.A.S #00406	Industrial
407	Cliente S.A.S #00407	Taller
408	Cliente S.A.S #00408	Taller
409	Cliente S.A.S #00409	Taller
410	Cliente S.A.S #00410	Retail
411	Cliente S.A.S #00411	Flotas
412	Cliente S.A.S #00412	Taller
413	Cliente S.A.S #00413	Flotas
414	Cliente S.A.S #00414	Industrial
415	Cliente S.A.S #00415	Flotas
416	Cliente S.A.S #00416	Industrial
417	Cliente S.A.S #00417	Retail
418	Cliente S.A.S #00418	Taller
419	Cliente S.A.S #00419	Flotas
420	Cliente S.A.S #00420	Taller
421	Cliente S.A.S #00421	Retail
422	Cliente S.A.S #00422	Mayorista
423	Cliente S.A.S #00423	Retail
424	Cliente S.A.S #00424	Mayorista
425	Cliente S.A.S #00425	Mayorista
426	Cliente S.A.S #00426	Taller
427	Cliente S.A.S #00427	Taller
428	Cliente S.A.S #00428	Flotas
429	Cliente S.A.S #00429	Retail
430	Cliente S.A.S #00430	Mayorista
431	Cliente S.A.S #00431	Retail
432	Cliente S.A.S #00432	Mayorista
433	Cliente S.A.S #00433	Mayorista
434	Cliente S.A.S #00434	Industrial
435	Cliente S.A.S #00435	Flotas
436	Cliente S.A.S #00436	Industrial
437	Cliente S.A.S #00437	Taller
438	Cliente S.A.S #00438	Flotas
439	Cliente S.A.S #00439	Industrial
440	Cliente S.A.S #00440	Retail
441	Cliente S.A.S #00441	Retail
442	Cliente S.A.S #00442	Mayorista
443	Cliente S.A.S #00443	Mayorista
444	Cliente S.A.S #00444	Taller
445	Cliente S.A.S #00445	Industrial
446	Cliente S.A.S #00446	Retail
447	Cliente S.A.S #00447	Taller
448	Cliente S.A.S #00448	Taller
449	Cliente S.A.S #00449	Flotas
450	Cliente S.A.S #00450	Retail
451	Cliente S.A.S #00451	Industrial
452	Cliente S.A.S #00452	Flotas
453	Cliente S.A.S #00453	Industrial
454	Cliente S.A.S #00454	Flotas
455	Cliente S.A.S #00455	Industrial
456	Cliente S.A.S #00456	Industrial
457	Cliente S.A.S #00457	Retail
458	Cliente S.A.S #00458	Taller
459	Cliente S.A.S #00459	Industrial
460	Cliente S.A.S #00460	Industrial
461	Cliente S.A.S #00461	Industrial
462	Cliente S.A.S #00462	Mayorista
463	Cliente S.A.S #00463	Mayorista
464	Cliente S.A.S #00464	Flotas
465	Cliente S.A.S #00465	Taller
466	Cliente S.A.S #00466	Flotas
467	Cliente S.A.S #00467	Mayorista
468	Cliente S.A.S #00468	Taller
469	Cliente S.A.S #00469	Industrial
470	Cliente S.A.S #00470	Taller
471	Cliente S.A.S #00471	Industrial
472	Cliente S.A.S #00472	Mayorista
473	Cliente S.A.S #00473	Industrial
474	Cliente S.A.S #00474	Retail
475	Cliente S.A.S #00475	Flotas
476	Cliente S.A.S #00476	Retail
477	Cliente S.A.S #00477	Industrial
478	Cliente S.A.S #00478	Mayorista
479	Cliente S.A.S #00479	Retail
480	Cliente S.A.S #00480	Retail
481	Cliente S.A.S #00481	Flotas
482	Cliente S.A.S #00482	Mayorista
483	Cliente S.A.S #00483	Mayorista
484	Cliente S.A.S #00484	Mayorista
485	Cliente S.A.S #00485	Retail
486	Cliente S.A.S #00486	Taller
487	Cliente S.A.S #00487	Taller
488	Cliente S.A.S #00488	Industrial
489	Cliente S.A.S #00489	Retail
490	Cliente S.A.S #00490	Retail
491	Cliente S.A.S #00491	Flotas
492	Cliente S.A.S #00492	Mayorista
493	Cliente S.A.S #00493	Flotas
494	Cliente S.A.S #00494	Retail
495	Cliente S.A.S #00495	Taller
496	Cliente S.A.S #00496	Flotas
497	Cliente S.A.S #00497	Retail
498	Cliente S.A.S #00498	Taller
499	Cliente S.A.S #00499	Taller
500	Cliente S.A.S #00500	Mayorista
501	Cliente S.A.S #00501	Retail
502	Cliente S.A.S #00502	Retail
503	Cliente S.A.S #00503	Mayorista
504	Cliente S.A.S #00504	Mayorista
505	Cliente S.A.S #00505	Flotas
506	Cliente S.A.S #00506	Taller
507	Cliente S.A.S #00507	Retail
508	Cliente S.A.S #00508	Flotas
509	Cliente S.A.S #00509	Retail
510	Cliente S.A.S #00510	Flotas
511	Cliente S.A.S #00511	Flotas
512	Cliente S.A.S #00512	Mayorista
513	Cliente S.A.S #00513	Flotas
514	Cliente S.A.S #00514	Industrial
515	Cliente S.A.S #00515	Retail
516	Cliente S.A.S #00516	Flotas
517	Cliente S.A.S #00517	Taller
518	Cliente S.A.S #00518	Industrial
519	Cliente S.A.S #00519	Taller
520	Cliente S.A.S #00520	Taller
521	Cliente S.A.S #00521	Taller
522	Cliente S.A.S #00522	Taller
523	Cliente S.A.S #00523	Taller
524	Cliente S.A.S #00524	Industrial
525	Cliente S.A.S #00525	Mayorista
526	Cliente S.A.S #00526	Retail
527	Cliente S.A.S #00527	Taller
528	Cliente S.A.S #00528	Retail
529	Cliente S.A.S #00529	Taller
530	Cliente S.A.S #00530	Flotas
531	Cliente S.A.S #00531	Mayorista
532	Cliente S.A.S #00532	Retail
533	Cliente S.A.S #00533	Retail
534	Cliente S.A.S #00534	Mayorista
535	Cliente S.A.S #00535	Industrial
536	Cliente S.A.S #00536	Mayorista
537	Cliente S.A.S #00537	Industrial
538	Cliente S.A.S #00538	Taller
539	Cliente S.A.S #00539	Industrial
540	Cliente S.A.S #00540	Mayorista
541	Cliente S.A.S #00541	Mayorista
542	Cliente S.A.S #00542	Flotas
543	Cliente S.A.S #00543	Flotas
544	Cliente S.A.S #00544	Flotas
545	Cliente S.A.S #00545	Taller
546	Cliente S.A.S #00546	Flotas
547	Cliente S.A.S #00547	Mayorista
548	Cliente S.A.S #00548	Mayorista
549	Cliente S.A.S #00549	Mayorista
550	Cliente S.A.S #00550	Mayorista
551	Cliente S.A.S #00551	Mayorista
552	Cliente S.A.S #00552	Taller
553	Cliente S.A.S #00553	Mayorista
554	Cliente S.A.S #00554	Taller
555	Cliente S.A.S #00555	Mayorista
556	Cliente S.A.S #00556	Industrial
557	Cliente S.A.S #00557	Flotas
558	Cliente S.A.S #00558	Industrial
559	Cliente S.A.S #00559	Flotas
560	Cliente S.A.S #00560	Mayorista
561	Cliente S.A.S #00561	Industrial
562	Cliente S.A.S #00562	Taller
563	Cliente S.A.S #00563	Mayorista
564	Cliente S.A.S #00564	Industrial
565	Cliente S.A.S #00565	Flotas
566	Cliente S.A.S #00566	Flotas
567	Cliente S.A.S #00567	Taller
568	Cliente S.A.S #00568	Industrial
569	Cliente S.A.S #00569	Industrial
570	Cliente S.A.S #00570	Industrial
571	Cliente S.A.S #00571	Retail
572	Cliente S.A.S #00572	Taller
573	Cliente S.A.S #00573	Retail
574	Cliente S.A.S #00574	Industrial
575	Cliente S.A.S #00575	Flotas
576	Cliente S.A.S #00576	Industrial
577	Cliente S.A.S #00577	Mayorista
578	Cliente S.A.S #00578	Retail
579	Cliente S.A.S #00579	Taller
580	Cliente S.A.S #00580	Industrial
581	Cliente S.A.S #00581	Mayorista
582	Cliente S.A.S #00582	Taller
583	Cliente S.A.S #00583	Taller
584	Cliente S.A.S #00584	Retail
585	Cliente S.A.S #00585	Mayorista
586	Cliente S.A.S #00586	Mayorista
587	Cliente S.A.S #00587	Retail
588	Cliente S.A.S #00588	Flotas
589	Cliente S.A.S #00589	Industrial
590	Cliente S.A.S #00590	Flotas
591	Cliente S.A.S #00591	Mayorista
592	Cliente S.A.S #00592	Flotas
593	Cliente S.A.S #00593	Mayorista
594	Cliente S.A.S #00594	Mayorista
595	Cliente S.A.S #00595	Retail
596	Cliente S.A.S #00596	Industrial
597	Cliente S.A.S #00597	Taller
598	Cliente S.A.S #00598	Retail
599	Cliente S.A.S #00599	Taller
600	Cliente S.A.S #00600	Industrial
601	Cliente S.A.S #00601	Retail
602	Cliente S.A.S #00602	Retail
603	Cliente S.A.S #00603	Flotas
604	Cliente S.A.S #00604	Taller
605	Cliente S.A.S #00605	Flotas
606	Cliente S.A.S #00606	Flotas
607	Cliente S.A.S #00607	Flotas
608	Cliente S.A.S #00608	Flotas
609	Cliente S.A.S #00609	Mayorista
610	Cliente S.A.S #00610	Flotas
611	Cliente S.A.S #00611	Taller
612	Cliente S.A.S #00612	Retail
613	Cliente S.A.S #00613	Taller
614	Cliente S.A.S #00614	Taller
615	Cliente S.A.S #00615	Industrial
616	Cliente S.A.S #00616	Taller
617	Cliente S.A.S #00617	Retail
618	Cliente S.A.S #00618	Flotas
619	Cliente S.A.S #00619	Mayorista
620	Cliente S.A.S #00620	Taller
621	Cliente S.A.S #00621	Flotas
622	Cliente S.A.S #00622	Industrial
623	Cliente S.A.S #00623	Retail
624	Cliente S.A.S #00624	Retail
625	Cliente S.A.S #00625	Taller
626	Cliente S.A.S #00626	Mayorista
627	Cliente S.A.S #00627	Flotas
628	Cliente S.A.S #00628	Retail
629	Cliente S.A.S #00629	Flotas
630	Cliente S.A.S #00630	Flotas
631	Cliente S.A.S #00631	Retail
632	Cliente S.A.S #00632	Taller
633	Cliente S.A.S #00633	Retail
634	Cliente S.A.S #00634	Mayorista
635	Cliente S.A.S #00635	Retail
636	Cliente S.A.S #00636	Mayorista
637	Cliente S.A.S #00637	Taller
638	Cliente S.A.S #00638	Flotas
639	Cliente S.A.S #00639	Flotas
640	Cliente S.A.S #00640	Taller
641	Cliente S.A.S #00641	Mayorista
642	Cliente S.A.S #00642	Retail
643	Cliente S.A.S #00643	Industrial
644	Cliente S.A.S #00644	Taller
645	Cliente S.A.S #00645	Mayorista
646	Cliente S.A.S #00646	Flotas
647	Cliente S.A.S #00647	Retail
648	Cliente S.A.S #00648	Retail
649	Cliente S.A.S #00649	Taller
650	Cliente S.A.S #00650	Mayorista
651	Cliente S.A.S #00651	Retail
652	Cliente S.A.S #00652	Industrial
653	Cliente S.A.S #00653	Flotas
654	Cliente S.A.S #00654	Flotas
655	Cliente S.A.S #00655	Mayorista
656	Cliente S.A.S #00656	Flotas
657	Cliente S.A.S #00657	Mayorista
658	Cliente S.A.S #00658	Industrial
659	Cliente S.A.S #00659	Retail
660	Cliente S.A.S #00660	Taller
661	Cliente S.A.S #00661	Industrial
662	Cliente S.A.S #00662	Flotas
663	Cliente S.A.S #00663	Industrial
664	Cliente S.A.S #00664	Flotas
665	Cliente S.A.S #00665	Retail
666	Cliente S.A.S #00666	Flotas
667	Cliente S.A.S #00667	Industrial
668	Cliente S.A.S #00668	Flotas
669	Cliente S.A.S #00669	Flotas
670	Cliente S.A.S #00670	Industrial
671	Cliente S.A.S #00671	Flotas
672	Cliente S.A.S #00672	Mayorista
673	Cliente S.A.S #00673	Mayorista
674	Cliente S.A.S #00674	Taller
675	Cliente S.A.S #00675	Retail
676	Cliente S.A.S #00676	Taller
677	Cliente S.A.S #00677	Flotas
678	Cliente S.A.S #00678	Flotas
679	Cliente S.A.S #00679	Mayorista
680	Cliente S.A.S #00680	Taller
681	Cliente S.A.S #00681	Retail
682	Cliente S.A.S #00682	Industrial
683	Cliente S.A.S #00683	Flotas
684	Cliente S.A.S #00684	Mayorista
685	Cliente S.A.S #00685	Taller
686	Cliente S.A.S #00686	Mayorista
687	Cliente S.A.S #00687	Taller
688	Cliente S.A.S #00688	Flotas
689	Cliente S.A.S #00689	Industrial
690	Cliente S.A.S #00690	Taller
691	Cliente S.A.S #00691	Flotas
692	Cliente S.A.S #00692	Taller
693	Cliente S.A.S #00693	Flotas
694	Cliente S.A.S #00694	Mayorista
695	Cliente S.A.S #00695	Taller
696	Cliente S.A.S #00696	Taller
697	Cliente S.A.S #00697	Mayorista
698	Cliente S.A.S #00698	Taller
699	Cliente S.A.S #00699	Flotas
700	Cliente S.A.S #00700	Retail
701	Cliente S.A.S #00701	Retail
702	Cliente S.A.S #00702	Industrial
703	Cliente S.A.S #00703	Flotas
704	Cliente S.A.S #00704	Flotas
705	Cliente S.A.S #00705	Flotas
706	Cliente S.A.S #00706	Mayorista
707	Cliente S.A.S #00707	Retail
708	Cliente S.A.S #00708	Retail
709	Cliente S.A.S #00709	Taller
710	Cliente S.A.S #00710	Retail
711	Cliente S.A.S #00711	Taller
712	Cliente S.A.S #00712	Mayorista
713	Cliente S.A.S #00713	Retail
714	Cliente S.A.S #00714	Taller
715	Cliente S.A.S #00715	Flotas
716	Cliente S.A.S #00716	Industrial
717	Cliente S.A.S #00717	Mayorista
718	Cliente S.A.S #00718	Flotas
719	Cliente S.A.S #00719	Retail
720	Cliente S.A.S #00720	Taller
721	Cliente S.A.S #00721	Retail
722	Cliente S.A.S #00722	Taller
723	Cliente S.A.S #00723	Taller
724	Cliente S.A.S #00724	Taller
725	Cliente S.A.S #00725	Industrial
726	Cliente S.A.S #00726	Mayorista
727	Cliente S.A.S #00727	Industrial
728	Cliente S.A.S #00728	Flotas
729	Cliente S.A.S #00729	Flotas
730	Cliente S.A.S #00730	Flotas
731	Cliente S.A.S #00731	Industrial
732	Cliente S.A.S #00732	Retail
733	Cliente S.A.S #00733	Retail
734	Cliente S.A.S #00734	Mayorista
735	Cliente S.A.S #00735	Flotas
736	Cliente S.A.S #00736	Mayorista
737	Cliente S.A.S #00737	Retail
738	Cliente S.A.S #00738	Industrial
739	Cliente S.A.S #00739	Retail
740	Cliente S.A.S #00740	Retail
741	Cliente S.A.S #00741	Retail
742	Cliente S.A.S #00742	Retail
743	Cliente S.A.S #00743	Taller
744	Cliente S.A.S #00744	Mayorista
745	Cliente S.A.S #00745	Flotas
746	Cliente S.A.S #00746	Flotas
747	Cliente S.A.S #00747	Taller
748	Cliente S.A.S #00748	Flotas
749	Cliente S.A.S #00749	Retail
750	Cliente S.A.S #00750	Mayorista
751	Cliente S.A.S #00751	Flotas
752	Cliente S.A.S #00752	Retail
753	Cliente S.A.S #00753	Taller
754	Cliente S.A.S #00754	Taller
755	Cliente S.A.S #00755	Mayorista
756	Cliente S.A.S #00756	Retail
757	Cliente S.A.S #00757	Flotas
758	Cliente S.A.S #00758	Flotas
759	Cliente S.A.S #00759	Flotas
760	Cliente S.A.S #00760	Mayorista
761	Cliente S.A.S #00761	Mayorista
762	Cliente S.A.S #00762	Mayorista
763	Cliente S.A.S #00763	Taller
764	Cliente S.A.S #00764	Mayorista
765	Cliente S.A.S #00765	Mayorista
766	Cliente S.A.S #00766	Retail
767	Cliente S.A.S #00767	Flotas
768	Cliente S.A.S #00768	Mayorista
769	Cliente S.A.S #00769	Taller
770	Cliente S.A.S #00770	Mayorista
771	Cliente S.A.S #00771	Industrial
772	Cliente S.A.S #00772	Mayorista
773	Cliente S.A.S #00773	Flotas
774	Cliente S.A.S #00774	Retail
775	Cliente S.A.S #00775	Retail
776	Cliente S.A.S #00776	Flotas
777	Cliente S.A.S #00777	Taller
778	Cliente S.A.S #00778	Industrial
779	Cliente S.A.S #00779	Retail
780	Cliente S.A.S #00780	Taller
781	Cliente S.A.S #00781	Industrial
782	Cliente S.A.S #00782	Industrial
783	Cliente S.A.S #00783	Retail
784	Cliente S.A.S #00784	Industrial
785	Cliente S.A.S #00785	Retail
786	Cliente S.A.S #00786	Flotas
787	Cliente S.A.S #00787	Mayorista
788	Cliente S.A.S #00788	Flotas
789	Cliente S.A.S #00789	Mayorista
790	Cliente S.A.S #00790	Mayorista
791	Cliente S.A.S #00791	Retail
792	Cliente S.A.S #00792	Industrial
793	Cliente S.A.S #00793	Retail
794	Cliente S.A.S #00794	Flotas
795	Cliente S.A.S #00795	Flotas
796	Cliente S.A.S #00796	Industrial
797	Cliente S.A.S #00797	Industrial
798	Cliente S.A.S #00798	Mayorista
799	Cliente S.A.S #00799	Retail
800	Cliente S.A.S #00800	Mayorista
801	Cliente S.A.S #00801	Industrial
802	Cliente S.A.S #00802	Mayorista
803	Cliente S.A.S #00803	Industrial
804	Cliente S.A.S #00804	Mayorista
805	Cliente S.A.S #00805	Retail
806	Cliente S.A.S #00806	Taller
807	Cliente S.A.S #00807	Retail
808	Cliente S.A.S #00808	Flotas
809	Cliente S.A.S #00809	Taller
810	Cliente S.A.S #00810	Taller
811	Cliente S.A.S #00811	Retail
812	Cliente S.A.S #00812	Flotas
813	Cliente S.A.S #00813	Flotas
814	Cliente S.A.S #00814	Taller
815	Cliente S.A.S #00815	Flotas
816	Cliente S.A.S #00816	Taller
817	Cliente S.A.S #00817	Taller
818	Cliente S.A.S #00818	Industrial
819	Cliente S.A.S #00819	Retail
820	Cliente S.A.S #00820	Industrial
821	Cliente S.A.S #00821	Mayorista
822	Cliente S.A.S #00822	Retail
823	Cliente S.A.S #00823	Taller
824	Cliente S.A.S #00824	Flotas
825	Cliente S.A.S #00825	Taller
826	Cliente S.A.S #00826	Mayorista
827	Cliente S.A.S #00827	Taller
828	Cliente S.A.S #00828	Flotas
829	Cliente S.A.S #00829	Flotas
830	Cliente S.A.S #00830	Industrial
831	Cliente S.A.S #00831	Mayorista
832	Cliente S.A.S #00832	Flotas
833	Cliente S.A.S #00833	Industrial
834	Cliente S.A.S #00834	Industrial
835	Cliente S.A.S #00835	Taller
836	Cliente S.A.S #00836	Industrial
837	Cliente S.A.S #00837	Mayorista
838	Cliente S.A.S #00838	Flotas
839	Cliente S.A.S #00839	Flotas
840	Cliente S.A.S #00840	Retail
841	Cliente S.A.S #00841	Flotas
842	Cliente S.A.S #00842	Taller
843	Cliente S.A.S #00843	Flotas
844	Cliente S.A.S #00844	Taller
845	Cliente S.A.S #00845	Taller
846	Cliente S.A.S #00846	Mayorista
847	Cliente S.A.S #00847	Flotas
848	Cliente S.A.S #00848	Taller
849	Cliente S.A.S #00849	Retail
850	Cliente S.A.S #00850	Flotas
851	Cliente S.A.S #00851	Retail
852	Cliente S.A.S #00852	Mayorista
853	Cliente S.A.S #00853	Retail
854	Cliente S.A.S #00854	Flotas
855	Cliente S.A.S #00855	Mayorista
856	Cliente S.A.S #00856	Flotas
857	Cliente S.A.S #00857	Industrial
858	Cliente S.A.S #00858	Taller
859	Cliente S.A.S #00859	Mayorista
860	Cliente S.A.S #00860	Industrial
861	Cliente S.A.S #00861	Industrial
862	Cliente S.A.S #00862	Industrial
863	Cliente S.A.S #00863	Retail
864	Cliente S.A.S #00864	Retail
865	Cliente S.A.S #00865	Industrial
866	Cliente S.A.S #00866	Industrial
867	Cliente S.A.S #00867	Retail
868	Cliente S.A.S #00868	Taller
869	Cliente S.A.S #00869	Retail
870	Cliente S.A.S #00870	Taller
871	Cliente S.A.S #00871	Flotas
872	Cliente S.A.S #00872	Taller
873	Cliente S.A.S #00873	Flotas
874	Cliente S.A.S #00874	Taller
875	Cliente S.A.S #00875	Flotas
876	Cliente S.A.S #00876	Industrial
877	Cliente S.A.S #00877	Industrial
878	Cliente S.A.S #00878	Industrial
879	Cliente S.A.S #00879	Industrial
880	Cliente S.A.S #00880	Taller
881	Cliente S.A.S #00881	Mayorista
882	Cliente S.A.S #00882	Industrial
883	Cliente S.A.S #00883	Retail
884	Cliente S.A.S #00884	Taller
885	Cliente S.A.S #00885	Retail
886	Cliente S.A.S #00886	Industrial
887	Cliente S.A.S #00887	Taller
888	Cliente S.A.S #00888	Taller
889	Cliente S.A.S #00889	Flotas
890	Cliente S.A.S #00890	Mayorista
891	Cliente S.A.S #00891	Retail
892	Cliente S.A.S #00892	Industrial
893	Cliente S.A.S #00893	Flotas
894	Cliente S.A.S #00894	Mayorista
895	Cliente S.A.S #00895	Retail
896	Cliente S.A.S #00896	Taller
897	Cliente S.A.S #00897	Retail
898	Cliente S.A.S #00898	Industrial
899	Cliente S.A.S #00899	Mayorista
900	Cliente S.A.S #00900	Flotas
901	Cliente S.A.S #00901	Industrial
902	Cliente S.A.S #00902	Retail
903	Cliente S.A.S #00903	Mayorista
904	Cliente S.A.S #00904	Taller
905	Cliente S.A.S #00905	Mayorista
906	Cliente S.A.S #00906	Taller
907	Cliente S.A.S #00907	Flotas
908	Cliente S.A.S #00908	Flotas
909	Cliente S.A.S #00909	Industrial
910	Cliente S.A.S #00910	Taller
911	Cliente S.A.S #00911	Flotas
912	Cliente S.A.S #00912	Industrial
913	Cliente S.A.S #00913	Mayorista
914	Cliente S.A.S #00914	Flotas
915	Cliente S.A.S #00915	Mayorista
916	Cliente S.A.S #00916	Retail
917	Cliente S.A.S #00917	Retail
918	Cliente S.A.S #00918	Mayorista
919	Cliente S.A.S #00919	Flotas
920	Cliente S.A.S #00920	Industrial
921	Cliente S.A.S #00921	Industrial
922	Cliente S.A.S #00922	Taller
923	Cliente S.A.S #00923	Taller
924	Cliente S.A.S #00924	Taller
925	Cliente S.A.S #00925	Flotas
926	Cliente S.A.S #00926	Mayorista
927	Cliente S.A.S #00927	Industrial
928	Cliente S.A.S #00928	Flotas
929	Cliente S.A.S #00929	Flotas
930	Cliente S.A.S #00930	Retail
931	Cliente S.A.S #00931	Taller
932	Cliente S.A.S #00932	Industrial
933	Cliente S.A.S #00933	Flotas
934	Cliente S.A.S #00934	Retail
935	Cliente S.A.S #00935	Retail
936	Cliente S.A.S #00936	Industrial
937	Cliente S.A.S #00937	Taller
938	Cliente S.A.S #00938	Mayorista
939	Cliente S.A.S #00939	Flotas
940	Cliente S.A.S #00940	Industrial
941	Cliente S.A.S #00941	Industrial
942	Cliente S.A.S #00942	Retail
943	Cliente S.A.S #00943	Mayorista
944	Cliente S.A.S #00944	Retail
945	Cliente S.A.S #00945	Industrial
946	Cliente S.A.S #00946	Retail
947	Cliente S.A.S #00947	Flotas
948	Cliente S.A.S #00948	Retail
949	Cliente S.A.S #00949	Flotas
950	Cliente S.A.S #00950	Taller
951	Cliente S.A.S #00951	Taller
952	Cliente S.A.S #00952	Flotas
953	Cliente S.A.S #00953	Taller
954	Cliente S.A.S #00954	Taller
955	Cliente S.A.S #00955	Mayorista
956	Cliente S.A.S #00956	Taller
957	Cliente S.A.S #00957	Retail
958	Cliente S.A.S #00958	Industrial
959	Cliente S.A.S #00959	Retail
960	Cliente S.A.S #00960	Mayorista
961	Cliente S.A.S #00961	Taller
962	Cliente S.A.S #00962	Taller
963	Cliente S.A.S #00963	Flotas
964	Cliente S.A.S #00964	Mayorista
965	Cliente S.A.S #00965	Industrial
966	Cliente S.A.S #00966	Retail
967	Cliente S.A.S #00967	Taller
968	Cliente S.A.S #00968	Taller
969	Cliente S.A.S #00969	Mayorista
970	Cliente S.A.S #00970	Industrial
971	Cliente S.A.S #00971	Flotas
972	Cliente S.A.S #00972	Taller
973	Cliente S.A.S #00973	Mayorista
974	Cliente S.A.S #00974	Flotas
975	Cliente S.A.S #00975	Flotas
976	Cliente S.A.S #00976	Industrial
977	Cliente S.A.S #00977	Retail
978	Cliente S.A.S #00978	Mayorista
979	Cliente S.A.S #00979	Industrial
980	Cliente S.A.S #00980	Taller
981	Cliente S.A.S #00981	Retail
982	Cliente S.A.S #00982	Mayorista
983	Cliente S.A.S #00983	Taller
984	Cliente S.A.S #00984	Mayorista
985	Cliente S.A.S #00985	Taller
986	Cliente S.A.S #00986	Taller
987	Cliente S.A.S #00987	Flotas
988	Cliente S.A.S #00988	Retail
989	Cliente S.A.S #00989	Flotas
990	Cliente S.A.S #00990	Flotas
991	Cliente S.A.S #00991	Flotas
992	Cliente S.A.S #00992	Mayorista
993	Cliente S.A.S #00993	Retail
994	Cliente S.A.S #00994	Retail
995	Cliente S.A.S #00995	Flotas
996	Cliente S.A.S #00996	Flotas
997	Cliente S.A.S #00997	Mayorista
998	Cliente S.A.S #00998	Retail
999	Cliente S.A.S #00999	Taller
1000	Cliente S.A.S #01000	Mayorista
