1	Proveedor S.A. #0001	Ecuador
2	Proveedor S.A. #0002	Chile
3	Proveedor S.A. #0003	Colombia
4	Proveedor S.A. #0004	Venezuela
5	Proveedor S.A. #0005	Chile
6	Proveedor S.A. #0006	Venezuela
7	Proveedor S.A. #0007	Ecuador
8	Proveedor S.A. #0008	Argentina
9	Proveedor S.A. #0009	Peru
10	Proveedor S.A. #0010	Venezuela
11	Proveedor S.A. #0011	Brasil
12	Proveedor S.A. #0012	Costa Rica
13	Proveedor S.A. #0013	Brasil
14	Proveedor S.A. #0014	Costa Rica
15	Proveedor S.A. #0015	Mexico
16	Proveedor S.A. #0016	Brasil
17	Proveedor S.A. #0017	Brasil
18	Proveedor S.A. #0018	Chile
19	Proveedor S.A. #0019	Colombia
20	Proveedor S.A. #0020	Argentina
21	Proveedor S.A. #0021	Colombia
22	Proveedor S.A. #0022	Venezuela
23	Proveedor S.A. #0023	Peru
24	Proveedor S.A. #0024	Argentina
25	Proveedor S.A. #0025	Ecuador
26	Proveedor S.A. #0026	Colombia
27	Proveedor S.A. #0027	Colombia
28	Proveedor S.A. #0028	Brasil
29	Proveedor S.A. #0029	Peru
30	Proveedor S.A. #0030	Venezuela
31	Proveedor S.A. #0031	Brasil
32	Proveedor S.A. #0032	Costa Rica
33	Proveedor S.A. #0033	Argentina
34	Proveedor S.A. #0034	Venezuela
35	Proveedor S.A. #0035	Costa Rica
36	Proveedor S.A. #0036	Argentina
37	Proveedor S.A. #0037	Costa Rica
38	Proveedor S.A. #0038	Brasil
39	Proveedor S.A. #0039	Brasil
40	Proveedor S.A. #0040	Mexico
41	Proveedor S.A. #0041	Venezuela
42	Proveedor S.A. #0042	Chile
43	Proveedor S.A. #0043	Costa Rica
44	Proveedor S.A. #0044	Argentina
45	Proveedor S.A. #0045	Argentina
46	Proveedor S.A. #0046	Brasil
47	Proveedor S.A. #0047	Panama
48	Proveedor S.A. #0048	Brasil
49	Proveedor S.A. #0049	Colombia
50	Proveedor S.A. #0050	Panama
51	Proveedor S.A. #0051	Chile
52	Proveedor S.A. #0052	Colombia
53	Proveedor S.A. #0053	Venezuela
54	Proveedor S.A. #0054	Panama
55	Proveedor S.A. #0055	Ecuador
56	Proveedor S.A. #0056	Ecuador
57	Proveedor S.A. #0057	Panama
58	Proveedor S.A. #0058	Costa Rica
59	Proveedor S.A. #0059	Venezuela
60	Proveedor S.A. #0060	Argentina
61	Proveedor S.A. #0061	Venezuela
62	Proveedor S.A. #0062	Costa Rica
63	Proveedor S.A. #0063	Ecuador
64	Proveedor S.A. #0064	Argentina
65	Proveedor S.A. #0065	Ecuador
66	Proveedor S.A. #0066	Brasil
67	Proveedor S.A. #0067	Brasil
68	Proveedor S.A. #0068	Colombia
69	Proveedor S.A. #0069	Costa Rica
70	Proveedor S.A. #0070	Chile
71	Proveedor S.A. #0071	Panama
72	Proveedor S.A. #0072	Colombia
73	Proveedor S.A. #0073	Mexico
74	Proveedor S.A. #0074	Chile
75	Proveedor S.A. #0075	Ecuador
76	Proveedor S.A. #0076	Panama
77	Proveedor S.A. #0077	Colombia
78	Proveedor S.A. #0078	Mexico
79	Proveedor S.A. #0079	Argentina
80	Proveedor S.A. #0080	Costa Rica
81	Proveedor S.A. #0081	Argentina
82	Proveedor S.A. #0082	Panama
83	Proveedor S.A. #0083	Costa Rica
84	Proveedor S.A. #0084	Colombia
85	Proveedor S.A. #0085	Costa Rica
86	Proveedor S.A. #0086	Brasil
87	Proveedor S.A. #0087	Argentina
88	Proveedor S.A. #0088	Ecuador
89	Proveedor S.A. #0089	Ecuador
90	Proveedor S.A. #0090	Argentina
91	Proveedor S.A. #0091	Mexico
92	Proveedor S.A. #0092	Argentina
93	Proveedor S.A. #0093	Brasil
94	Proveedor S.A. #0094	Mexico
95	Proveedor S.A. #0095	Chile
96	Proveedor S.A. #0096	Ecuador
97	Proveedor S.A. #0097	Argentina
98	Proveedor S.A. #0098	Argentina
99	Proveedor S.A. #0099	Argentina
100	Proveedor S.A. #0100	Costa Rica
101	Proveedor S.A. #0101	Peru
102	Proveedor S.A. #0102	Mexico
103	Proveedor S.A. #0103	Brasil
104	Proveedor S.A. #0104	Brasil
105	Proveedor S.A. #0105	Argentina
106	Proveedor S.A. #0106	Brasil
107	Proveedor S.A. #0107	Chile
108	Proveedor S.A. #0108	Venezuela
109	Proveedor S.A. #0109	Mexico
110	Proveedor S.A. #0110	Costa Rica
111	Proveedor S.A. #0111	Peru
112	Proveedor S.A. #0112	Ecuador
113	Proveedor S.A. #0113	Argentina
114	Proveedor S.A. #0114	Colombia
115	Proveedor S.A. #0115	Chile
116	Proveedor S.A. #0116	Chile
117	Proveedor S.A. #0117	Ecuador
118	Proveedor S.A. #0118	Mexico
119	Proveedor S.A. #0119	Argentina
120	Proveedor S.A. #0120	Costa Rica
121	Proveedor S.A. #0121	Mexico
122	Proveedor S.A. #0122	Costa Rica
123	Proveedor S.A. #0123	Ecuador
124	Proveedor S.A. #0124	Argentina
125	Proveedor S.A. #0125	Peru
126	Proveedor S.A. #0126	Panama
127	Proveedor S.A. #0127	Peru
128	Proveedor S.A. #0128	Panama
129	Proveedor S.A. #0129	Venezuela
130	Proveedor S.A. #0130	Venezuela
131	Proveedor S.A. #0131	Colombia
132	Proveedor S.A. #0132	Argentina
133	Proveedor S.A. #0133	Argentina
134	Proveedor S.A. #0134	Brasil
135	Proveedor S.A. #0135	Mexico
136	Proveedor S.A. #0136	Colombia
137	Proveedor S.A. #0137	Venezuela
138	Proveedor S.A. #0138	Peru
139	Proveedor S.A. #0139	Chile
140	Proveedor S.A. #0140	Panama
141	Proveedor S.A. #0141	Brasil
142	Proveedor S.A. #0142	Colombia
143	Proveedor S.A. #0143	Mexico
144	Proveedor S.A. #0144	Argentina
145	Proveedor S.A. #0145	Colombia
146	Proveedor S.A. #0146	Mexico
147	Proveedor S.A. #0147	Costa Rica
148	Proveedor S.A. #0148	Costa Rica
149	Proveedor S.A. #0149	Brasil
150	Proveedor S.A. #0150	Mexico
151	Proveedor S.A. #0151	Mexico
152	Proveedor S.A. #0152	Ecuador
153	Proveedor S.A. #0153	Costa Rica
154	Proveedor S.A. #0154	Costa Rica
155	Proveedor S.A. #0155	Venezuela
156	Proveedor S.A. #0156	Colombia
157	Proveedor S.A. #0157	Argentina
158	Proveedor S.A. #0158	Colombia
159	Proveedor S.A. #0159	Brasil
160	Proveedor S.A. #0160	Argentina
161	Proveedor S.A. #0161	Brasil
162	Proveedor S.A. #0162	Panama
163	Proveedor S.A. #0163	Peru
164	Proveedor S.A. #0164	Chile
165	Proveedor S.A. #0165	Chile
166	Proveedor S.A. #0166	Argentina
167	Proveedor S.A. #0167	Chile
168	Proveedor S.A. #0168	Venezuela
169	Proveedor S.A. #0169	Chile
170	Proveedor S.A. #0170	Brasil
171	Proveedor S.A. #0171	Brasil
172	Proveedor S.A. #0172	Costa Rica
173	Proveedor S.A. #0173	Brasil
174	Proveedor S.A. #0174	Chile
175	Proveedor S.A. #0175	Ecuador
176	Proveedor S.A. #0176	Colombia
177	Proveedor S.A. #0177	Peru
178	Proveedor S.A. #0178	Mexico
179	Proveedor S.A. #0179	Mexico
180	Proveedor S.A. #0180	Venezuela
181	Proveedor S.A. #0181	Costa Rica
182	Proveedor S.A. #0182	Ecuador
183	Proveedor S.A. #0183	Ecuador
184	Proveedor S.A. #0184	Peru
185	Proveedor S.A. #0185	Colombia
186	Proveedor S.A. #0186	Costa Rica
187	Proveedor S.A. #0187	Peru
188	Proveedor S.A. #0188	Brasil
189	Proveedor S.A. #0189	Ecuador
190	Proveedor S.A. #0190	Mexico
191	Proveedor S.A. #0191	Panama
192	Proveedor S.A. #0192	Colombia
193	Proveedor S.A. #0193	Chile
194	Proveedor S.A. #0194	Mexico
195	Proveedor S.A. #0195	Ecuador
196	Proveedor S.A. #0196	Brasil
197	Proveedor S.A. #0197	Venezuela
198	Proveedor S.A. #0198	Mexico
199	Proveedor S.A. #0199	Costa Rica
200	Proveedor S.A. #0200	Mexico
